,country,iso_code,year,total_precip_mm
2,Canada,CAN,2023,698.6007142857143
3,United States,USA,2023,954.0998076923078
4,Canada,CAN,2022,722.4942857142858
5,United States,USA,2022,924.8759615384616
6,Canada,CAN,2021,715.4885714285714
7,United States,USA,2021,994.8788461538461
8,Canada,CAN,2020,660.3935714285715
9,United States,USA,2020,1014.8282692307693
10,Canada,CAN,2019,760.1128571428571
11,United States,USA,2019,1067.2375
12,Canada,CAN,2018,728.9092857142857
13,United States,USA,2018,1140.3282692307691
14,Canada,CAN,2017,690.0507142857142
15,United States,USA,2017,1005.7173076923077
16,Canada,CAN,2016,688.83
17,United States,USA,2016,923.9290384615384
18,Canada,CAN,2015,714.6492857142857
19,United States,USA,2015,1034.6128846153847
20,Canada,CAN,2014,771.965
21,United States,USA,2014,978.2096153846154
22,Canada,CAN,2013,725.2478571428571
23,United States,USA,2013,1012.2325
24,Canada,CAN,2012,679.3664285714286
25,United States,USA,2012,864.0938461538461
26,Canada,CAN,2011,743.8685714285714
27,United States,USA,2011,1008.9955769230769
28,Canada,CAN,2010,751.2128571428572
29,United States,USA,2010,906.9300000000001
30,Canada,CAN,2009,749.3371428571428
31,United States,USA,2009,1006.0198076923077
32,Canada,CAN,2008,777.655
33,United States,USA,2008,978.7982692307693
34,Canada,CAN,2007,722.092857142857
35,United States,USA,2007,857.6328846153847
36,Canada,CAN,2006,719.6557142857143
37,United States,USA,2006,943.2515384615385
38,Canada,CAN,2005,768.7764285714286
39,United States,USA,2005,927.7301923076923
40,Canada,CAN,2004,672.8307142857142
41,United States,USA,2004,994.8173076923077
42,Canada,CAN,2003,706.2907142857142
43,United States,USA,2003,997.0734615384615
44,Canada,CAN,2002,706.6021428571429
45,United States,USA,2002,916.1244230769231
46,Canada,CAN,2001,633.465
47,United States,USA,2001,862.0609615384615
48,Canada,CAN,2000,708.3614285714285
49,United States,USA,2000,884.2190384615385
50,Canada,CAN,1999,736.0421428571428
51,United States,USA,1999,879.0838461538461
52,Canada,CAN,1998,730.285
53,United States,USA,1998,975.863653846154
54,Canada,CAN,1997,687.255
55,United States,USA,1997,932.0453846153846
56,Canada,CAN,1996,746.2414285714286
57,United States,USA,1996,1056.7009615384616
58,Canada,CAN,1995,700.6292857142856
59,United States,USA,1995,929.0509615384616
60,Canada,CAN,1994,723.7735714285715
61,United States,USA,1994,954.7371153846154
62,Canada,CAN,1993,730.5307142857143
63,United States,USA,1993,957.6519230769231
64,Canada,CAN,1992,687.2614285714286
65,United States,USA,1992,936.7063461538462
66,Canada,CAN,1991,726.2428571428571
67,United States,USA,1991,949.8475
68,Canada,CAN,1990,761.575
69,United States,USA,1990,1010.0269230769231
70,Canada,CAN,1989,685.9449999999999
71,United States,USA,1989,979.6282692307692
72,Canada,CAN,1988,728.1128571428571
73,United States,USA,1988,809.9605769230768
74,Canada,CAN,1987,676.6899999999999
75,United States,USA,1987,878.2307692307693
76,Canada,CAN,1986,701.985
77,United States,USA,1986,920.7225
78,Canada,CAN,1985,664.8042857142857
79,United States,USA,1985,899.3199999999999
80,Canada,CAN,1984,740.7171428571428
81,United States,USA,1984,946.4434615384615
82,Canada,CAN,1983,744.0014285714286
83,United States,USA,1983,1062.3182692307694
84,Canada,CAN,1982,720.7885714285713
85,United States,USA,1982,1006.1186538461538
86,Canada,CAN,1981,760.7492857142857
87,United States,USA,1981,869.0507692307692
88,Canada,CAN,1980,723.6428571428571
89,United States,USA,1980,848.6148076923077
90,Canada,CAN,1979,778.6171428571428
91,United States,USA,1979,1046.6109615384617
92,Canada,CAN,1978,668.3792857142856
93,United States,USA,1978,906.6701923076923
94,Canada,CAN,1977,747.2
95,United States,USA,1977,936.5649999999999
96,Canada,CAN,1976,740.3257142857143
97,United States,USA,1976,831.7980769230769
98,Canada,CAN,1975,706.1392857142857
99,United States,USA,1975,1032.7032692307691
100,Canada,CAN,1974,721.165
101,United States,USA,1974,936.0336538461538
102,Canada,CAN,1973,723.0835714285714
103,United States,USA,1973,1038.8142307692308
104,Canada,CAN,1972,758.3435714285714
105,United States,USA,1972,1013.6398076923076
106,Canada,CAN,1971,717.0164285714285
107,United States,USA,1971,924.3625
108,Canada,CAN,1970,684.6935714285713
109,United States,USA,1970,887.2771153846154
110,Canada,CAN,1969,685.4114285714286
111,United States,USA,1969,928.1538461538462
112,Canada,CAN,1968,699.4542857142858
113,United States,USA,1968,900.3559615384615
114,Canada,CAN,1967,718.2521428571429
115,United States,USA,1967,913.4992307692307
116,Canada,CAN,1966,662.9057142857143
117,United States,USA,1966,835.1430769230769
118,Canada,CAN,1965,640.5271428571428
119,United States,USA,1965,848.3440384615385
120,Canada,CAN,1964,712.4307142857143
121,United States,USA,1964,895.0057692307693
122,Canada,CAN,1963,730.7528571428572
123,United States,USA,1963,787.4575
124,Canada,CAN,1962,731.4557142857144
125,United States,USA,1962,863.5032692307692
126,Canada,CAN,1961,685.5742857142858
127,United States,USA,1961,948.9575
128,Canada,CAN,1960,651.4671428571428
129,United States,USA,1960,881.2451923076923
130,Canada,CAN,1959,723.4114285714286
131,United States,USA,1959,936.4455769230769
132,Canada,CAN,1958,713.2864285714286
133,United States,USA,1958,932.2996153846154
134,Canada,CAN,1957,656.3314285714285
135,United States,USA,1957,955.3146153846154
136,Canada,CAN,1956,693.9571428571428
137,United States,USA,1956,849.2803846153846
138,Canada,CAN,1955,649.6857142857143
139,United States,USA,1955,859.2196153846154
140,Canada,CAN,1954,743.3992857142857
141,United States,USA,1954,840.6321153846154
142,Canada,CAN,1953,720.6314285714286
143,United States,USA,1953,886.3365384615385
144,Canada,CAN,1952,652.8221428571429
145,United States,USA,1952,850.1607692307692
146,Canada,CAN,1951,719.4007142857143
147,United States,USA,1951,961.3234615384615
148,Canada,CAN,1950,679.3707142857144
149,United States,USA,1950,932.8886538461538
150,Canada,CAN,1949,671.5557142857143
151,United States,USA,1949,892.4809615384615
152,Canada,CAN,1948,675.8278571428572
153,United States,USA,1948,974.8451923076923
154,Canada,CAN,1947,664.342857142857
155,United States,USA,1947,905.2236538461538
156,Canada,CAN,1946,635.0707142857143
157,United States,USA,1946,910.1634615384615
158,Canada,CAN,1945,695.8792857142856
159,United States,USA,1945,1014.1221153846153
160,Canada,CAN,1944,659.8842857142856
161,United States,USA,1944,914.1665384615384
162,Canada,CAN,1943,665.1007142857143
163,United States,USA,1943,812.8426923076923
164,Canada,CAN,1942,651.8121428571429
165,United States,USA,1942,961.1713461538462
166,Canada,CAN,1941,684.402142857143
167,United States,USA,1941,863.6586538461538
168,Canada,CAN,1940,647.9350000000001
169,United States,USA,1940,904.5776923076924
170,Canada,CAN,1939,679.5971428571429
171,United States,USA,1939,854.2938461538462
172,Canada,CAN,1938,654.7028571428572
173,United States,USA,1938,921.8588461538462
174,Canada,CAN,1937,663.6671428571428
175,United States,USA,1937,965.305576923077
176,Canada,CAN,1936,694.5835714285714
177,United States,USA,1936,882.9730769230769
178,Canada,CAN,1935,674.0692857142857
179,United States,USA,1935,898.9388461538462
180,Canada,CAN,1934,657.5564285714285
181,United States,USA,1934,832.2988461538462
182,Canada,CAN,1933,715.4842857142858
183,United States,USA,1933,871.5767307692307
184,Canada,CAN,1932,675.6485714285715
185,United States,USA,1932,942.9278846153846
186,Canada,CAN,1931,650.745
187,United States,USA,1931,832.0048076923077
188,Canada,CAN,1930,624.8464285714286
189,United States,USA,1930,749.1223076923077
190,Canada,CAN,1929,638.46
191,United States,USA,1929,946.0221153846154
192,Canada,CAN,1928,626.0335714285713
193,United States,USA,1928,902.1917307692308
194,Canada,CAN,1927,697.2121428571428
195,United States,USA,1927,965.9892307692309
196,Canada,CAN,1926,660.4164285714286
197,United States,USA,1926,909.485
198,Canada,CAN,1925,638.1071428571429
199,United States,USA,1925,810.8661538461539
200,Canada,CAN,1924,608.9314285714285
201,United States,USA,1924,850.8386538461539
202,Canada,CAN,1923,644.1657142857142
203,United States,USA,1923,951.1957692307692
204,Canada,CAN,1922,625.4992857142857
205,United States,USA,1922,914.0557692307692
206,Canada,CAN,1921,628.9357142857143
207,United States,USA,1921,863.1171153846154
208,Canada,CAN,1920,640.9492857142858
209,United States,USA,1920,963.2030769230769
210,Canada,CAN,1919,654.8842857142856
211,United States,USA,1919,947.4609615384616
212,Canada,CAN,1918,658.9807142857143
213,United States,USA,1918,892.8792307692308
214,Canada,CAN,1917,668.2321428571429
215,United States,USA,1917,818.3417307692307
216,Canada,CAN,1916,644.8585714285715
217,United States,USA,1916,886.1486538461538
218,Canada,CAN,1915,648.4692857142857
219,United States,USA,1915,957.5207692307692
220,Canada,CAN,1914,631.7378571428571
221,United States,USA,1914,846.8111538461538
222,Canada,CAN,1913,676.7785714285714
223,United States,USA,1913,894.5153846153845
224,Canada,CAN,1912,681.5635714285714
225,United States,USA,1912,935.7934615384615
226,Canada,CAN,1911,638.6592857142857
227,United States,USA,1911,898.7144230769231
228,Canada,CAN,1910,673.3942857142857
229,United States,USA,1910,796.444423076923
230,Canada,CAN,1909,716.7914285714286
231,United States,USA,1909,915.5209615384616
232,Canada,CAN,1908,656.5550000000001
233,United States,USA,1908,877.1898076923078
